City_ID,City,Country,Date,Lat,Lng,Max Temp,Humidity,Cloudiness,Wind Speed
0,Kaitangata,NZ,2022-05-25 20:13:49,-46.2817,169.8464,40.03,82,96,7.92
1,Conceicao Do Araguaia,BR,2022-05-25 20:13:49,-8.2578,-49.2647,84.92,56,4,2.46
2,Awjilah,LY,2022-05-25 20:13:49,29.1081,21.2869,88.27,9,0,9.31
3,Carnarvon,AU,2022-05-25 20:13:50,-24.8667,113.6333,71.24,65,100,8.79
4,Port Alfred,ZA,2022-05-25 20:13:42,-33.5906,26.891,62.19,82,0,7.0
5,Puerto Ayora,EC,2022-05-25 20:13:50,-0.7393,-90.3518,76.96,90,67,5.99
6,Kodiak,US,2022-05-25 20:13:28,57.79,-152.4072,51.31,71,100,8.05
7,Kholodnyy,RU,2022-05-25 20:13:50,62.7167,147.95,35.51,83,98,2.73
8,Bengkulu,ID,2022-05-25 20:13:51,-3.8004,102.2655,74.21,87,100,4.97
9,Albany,US,2022-05-25 20:09:23,42.6001,-73.9662,76.44,47,99,5.66
10,Butaritari,KI,2022-05-25 20:13:51,3.0707,172.7902,81.73,75,100,19.22
11,Rikitea,PF,2022-05-25 20:13:51,-23.1203,-134.9692,75.0,76,21,6.53
12,Busselton,AU,2022-05-25 20:13:25,-33.65,115.3333,53.85,85,0,4.76
13,Alofi,NU,2022-05-25 20:13:51,-19.0595,-169.9187,78.69,83,40,8.05
14,Avarua,CK,2022-05-25 20:13:41,-21.2078,-159.775,80.65,78,10,5.75
15,Hirara,JP,2022-05-25 20:13:52,24.8,125.2833,75.18,91,100,4.36
16,San Patricio,US,2022-05-25 20:13:35,28.017,-97.5169,87.69,69,99,15.08
17,Bombay,IN,2022-05-25 20:10:19,19.0144,72.8479,85.98,74,40,10.36
18,Jamestown,US,2022-05-25 20:13:08,42.097,-79.2353,75.02,54,20,11.01
19,Ushuaia,AR,2022-05-25 20:10:14,-54.8,-68.3,44.22,81,40,37.98
20,Khatanga,RU,2022-05-25 20:13:52,71.9667,102.5,27.36,91,71,4.92
21,Punta Arenas,CL,2022-05-25 20:10:47,-53.15,-70.9167,44.62,75,20,17.27
22,Superior,US,2022-05-25 20:12:39,46.7208,-92.1041,51.48,93,100,28.77
23,New Norfolk,AU,2022-05-25 20:13:53,-42.7826,147.0587,45.91,88,10,2.82
24,Ajdabiya,LY,2022-05-25 20:13:53,30.7554,20.2263,83.84,17,0,10.27
25,Te Anau,NZ,2022-05-25 20:13:53,-45.4167,167.7167,35.02,92,15,2.48
26,Namatanai,PG,2022-05-25 20:13:53,-3.6667,152.4333,78.39,80,100,4.41
27,Kiama,AU,2022-05-25 20:13:54,-34.6833,150.8667,52.45,94,100,4.34
28,Lavrentiya,RU,2022-05-25 20:12:22,65.5833,-171.0,39.42,85,100,6.98
29,Mount Gambier,AU,2022-05-25 20:13:54,-37.8333,140.7667,55.31,94,75,10.36
30,Visnes,NO,2022-05-25 20:13:54,59.3556,5.2242,51.22,93,75,11.5
31,Luderitz,Namibia,2022-05-25 20:13:55,-26.6481,15.1594,57.42,84,7,7.18
32,Yellowknife,CA,2022-05-25 20:13:55,62.456,-114.3525,55.56,30,16,5.99
33,Hobart,AU,2022-05-25 20:12:47,-42.8794,147.3294,46.26,93,7,5.75
34,Parainen,FI,2022-05-25 20:13:55,60.3067,22.301,52.36,99,100,7.07
35,Altay,CN,2022-05-25 20:13:55,47.8667,88.1167,76.91,25,100,3.13
36,Ziro,IN,2022-05-25 20:13:56,27.6333,93.8333,56.39,90,94,1.9
37,Porto Belo,BR,2022-05-25 20:13:56,-27.1578,-48.5531,72.79,86,0,6.38
38,Khandyga,RU,2022-05-25 20:13:56,62.6667,135.6,34.83,82,93,2.3
39,Klaksvik,FO,2022-05-25 20:13:57,62.2266,-6.589,47.32,78,40,17.78
40,Longyearbyen,SJ,2022-05-25 20:13:23,78.2186,15.6401,42.64,81,75,4.61
41,Ust-Nera,RU,2022-05-25 20:13:57,64.5667,143.2,40.39,83,100,5.93
42,Nikolskoye,RU,2022-05-25 20:13:57,59.7035,30.7861,51.69,66,65,4.81
43,Olesno,PL,2022-05-25 20:13:57,50.877,18.4209,50.5,98,13,7.2
44,Sao Filipe,CV,2022-05-25 20:13:58,14.8961,-24.4956,72.32,75,0,11.86
45,Ferrol,ES,2022-05-25 20:13:58,43.4832,-8.2369,61.32,85,13,8.59
46,Atuona,PF,2022-05-25 20:14:58,-9.8,-139.0333,78.26,77,18,18.45
47,Caravelas,BR,2022-05-25 20:14:58,-17.7125,-39.2481,70.93,87,0,7.99
48,Sao Francisco,BR,2022-05-25 20:14:59,-15.9486,-44.8644,81.59,31,0,6.85
49,Barrow,US,2022-05-25 20:14:59,71.2906,-156.7887,33.82,86,20,17.27
50,Chokurdakh,RU,2022-05-25 20:14:59,70.6333,147.9167,29.37,88,90,8.28
51,Harrisonburg,US,2022-05-25 20:11:48,38.4496,-78.8689,66.61,75,100,6.91
52,Hithadhoo,MV,2022-05-25 20:11:48,-0.6,73.0833,83.34,65,100,3.87
53,Erenhot,CN,2022-05-25 20:15:00,43.6475,111.9767,60.04,19,53,9.95
54,Hermanus,ZA,2022-05-25 20:15:00,-34.4187,19.2345,59.81,86,70,5.93
55,Saint-Joseph,RE,2022-05-25 20:15:00,-21.3667,55.6167,68.38,80,27,3.18
56,Tiznit,MA,2022-05-25 20:15:00,29.5833,-9.5,66.52,63,100,2.75
57,Cimislia,MD,2022-05-25 20:15:01,46.52,28.7842,62.74,60,80,18.19
58,Dali,CN,2022-05-25 20:15:01,25.7,100.1833,64.24,90,98,5.12
59,Vardo,NO,2022-05-25 20:15:01,70.3705,31.1107,40.98,81,0,11.5
60,Tual,ID,2022-05-25 20:15:02,-5.6667,132.75,81.32,79,99,5.14
61,Kaman,IN,2022-05-25 20:15:02,27.65,77.2667,86.32,36,0,2.84
62,Pahrump,US,2022-05-25 20:15:02,36.2083,-115.9839,95.52,7,0,3.0
63,Rio Gallegos,AR,2022-05-25 20:15:03,-51.6226,-69.2181,46.45,57,0,28.77
64,Kloulklubed,PW,2022-05-25 20:15:03,7.0419,134.2556,78.26,85,100,12.77
65,Chuy,UY,2022-05-25 20:15:03,-33.6971,-53.4616,59.76,98,100,6.78
66,Pasil,PH,2022-05-25 20:15:03,17.3833,121.1333,65.77,96,77,1.63
67,Kincardine,GB,2022-05-25 20:15:04,56.0667,-3.7167,52.52,75,8,13.85
68,Mataura,NZ,2022-05-25 20:15:04,-46.1927,168.8643,40.48,97,21,2.57
69,Tutoia,BR,2022-05-25 20:15:04,-2.7619,-42.2744,80.38,84,3,6.85
70,Ishigaki,JP,2022-05-25 20:15:05,24.3448,124.1572,77.13,100,75,4.61
71,Kindia,GN,2022-05-25 20:15:05,10.0569,-12.8658,73.15,88,100,3.98
72,Hilo,US,2022-05-25 20:10:30,19.7297,-155.09,88.29,71,75,4.61
73,Najran,SA,2022-05-25 20:15:05,17.4924,44.1277,78.19,18,4,2.91
74,Kefamenanu,ID,2022-05-25 20:15:06,-9.4467,124.4781,71.33,96,96,2.84
75,Linkuva,LT,2022-05-25 20:15:06,56.0856,23.9725,52.47,95,100,12.26
76,Vaini,TO,2022-05-25 20:15:06,-21.2,-175.2,75.36,88,40,5.75
77,Menongue,AO,2022-05-25 20:15:06,-14.6585,17.691,53.71,46,0,3.76
78,Nizwa,OM,2022-05-25 20:15:07,22.9333,57.5333,89.37,21,0,5.84
79,Cape Town,ZA,2022-05-25 20:10:19,-33.9258,18.4232,61.12,94,75,4.0
80,West Wendover,US,2022-05-25 20:15:07,40.7391,-114.0733,74.41,17,0,13.8
81,Athabasca,CA,2022-05-25 20:15:07,54.7169,-113.2854,64.81,50,48,2.13
82,Sorland,NO,2022-05-25 20:15:08,67.667,12.6934,48.06,88,96,21.05
83,Georgetown,MY,2022-05-25 20:14:47,5.4112,100.3354,80.53,83,20,0.0
84,Weligama,LK,2022-05-25 20:15:08,5.9667,80.4167,78.39,89,100,7.49
85,Barkhan,PK,2022-05-25 20:15:08,29.8977,69.5256,78.89,23,0,6.49
86,Kapaa,US,2022-05-25 20:15:09,22.0752,-159.319,79.48,73,40,11.5
87,San Carlos De Bariloche,AR,2022-05-25 20:10:14,-41.1456,-71.3082,38.95,56,20,2.3
88,Arraial Do Cabo,BR,2022-05-25 20:15:09,-22.9661,-42.0278,75.06,69,0,17.27
89,Barcelos,PT,2022-05-25 20:13:23,41.5388,-8.6151,67.84,80,38,7.63
90,Petropavlovsk-Kamchatskiy,RU,2022-05-25 20:15:10,53.0452,158.6483,37.99,100,100,6.71
91,Ilulissat,GL,2022-05-25 20:10:49,69.2167,-51.1,39.22,41,40,11.5
92,Riyadh,SA,2022-05-25 20:13:30,24.6877,46.7219,87.94,17,0,10.04
93,Saint-Philippe,RE,2022-05-25 20:16:10,-21.3585,55.7679,69.39,76,13,3.0
94,The Valley,AI,2022-05-25 20:16:10,18.217,-63.0578,84.06,65,40,13.8
95,Sept-Iles,CA,2022-05-25 20:16:11,50.2001,-66.3821,66.72,37,75,10.36
96,Jumla,NP,2022-05-25 20:16:11,29.2747,82.1838,47.79,84,75,3.47
97,Cabra,ES,2022-05-25 20:16:12,37.4725,-4.4421,64.89,31,18,6.15
98,Dingle,PH,2022-05-25 20:16:12,10.9995,122.6711,78.17,87,98,2.68
99,Sorsk,RU,2022-05-25 20:16:12,54.0033,90.2467,53.87,69,10,5.14
100,Tuktoyaktuk,CA,2022-05-25 20:16:13,69.4541,-133.0374,30.2,86,75,6.91
101,Saint-Pierre,RE,2022-05-25 20:16:13,-21.3393,55.4781,69.48,78,0,5.75
102,Sao Joao Da Barra,BR,2022-05-25 20:16:13,-21.6403,-41.0511,77.09,72,0,9.69
103,Kapit,MY,2022-05-25 20:16:14,2.0167,112.9333,72.95,100,100,1.23
104,Guerrero Negro,MX,2022-05-25 20:16:08,27.9769,-114.0611,76.68,43,0,10.25
105,Sakakah,SA,2022-05-25 20:16:14,29.9697,40.2064,87.37,14,0,9.98
106,Dicabisagan,PH,2022-05-25 20:16:14,17.0818,122.4157,79.18,85,100,4.61
107,Plettenberg Bay,ZA,2022-05-25 20:16:15,-34.0527,23.3716,60.42,83,65,8.12
108,Ixtapa,MX,2022-05-25 20:16:15,20.7,-105.2,81.63,69,0,13.8
109,Ancud,CL,2022-05-25 20:16:15,-41.8697,-73.8203,45.68,59,4,2.93
110,Nicoya,CR,2022-05-25 20:16:15,10.1483,-85.452,83.5,72,100,5.5
111,Hobyo,SO,2022-05-25 20:16:16,5.3505,48.5268,79.56,81,82,26.55
112,Santa Isabel Do Rio Negro,BR,2022-05-25 20:16:16,-0.4139,-65.0192,83.77,73,63,4.21
113,Keningau,MY,2022-05-25 20:16:16,5.3378,116.1602,71.56,99,100,0.4
114,Mahebourg,MU,2022-05-25 20:11:55,-20.4081,57.7,71.26,70,10,8.99
115,Vallenar,CL,2022-05-25 20:16:17,-28.5708,-70.7581,79.16,25,21,6.67
116,Botou,CN,2022-05-25 20:16:17,38.0667,116.5667,63.19,34,80,12.03
117,Sabang,ID,2022-05-25 20:16:17,5.8933,95.3214,83.46,73,78,8.75
118,Ribeira Grande,PT,2022-05-25 20:16:17,38.5167,-28.7,64.8,77,75,8.05
119,Karla,EE,2022-05-25 20:16:18,59.3723,24.9275,57.16,77,0,2.3
120,Narsaq,GL,2022-05-25 20:12:03,60.9167,-46.05,48.42,45,50,3.38
121,Itoman,JP,2022-05-25 20:15:50,26.1247,127.6694,75.58,100,75,9.22
122,Touros,BR,2022-05-25 20:15:48,-5.1989,-35.4608,79.16,79,88,9.01
123,Tilichiki,RU,2022-05-25 20:16:18,60.4667,166.1,36.75,83,100,4.92
124,Cambridge,CA,2022-05-25 20:13:27,43.3601,-80.3127,68.29,67,100,1.99
125,Aklavik,CA,2022-05-25 20:16:19,68.2191,-135.0107,44.22,62,96,2.93
126,Geraldton,AU,2022-05-25 20:16:19,-28.7667,114.6,59.41,82,100,6.91
127,Narasannapeta,IN,2022-05-25 20:16:19,18.4167,84.05,82.31,86,0,7.31
128,San Pedro,PH,2022-05-25 20:16:19,14.35,121.0167,81.36,89,20,1.14
129,Vostok,RU,2022-05-25 20:16:20,46.4856,135.8833,50.7,96,93,3.71
130,Cidreira,BR,2022-05-25 20:16:20,-30.1811,-50.2056,67.95,81,7,10.78
131,Kharopon,GR,2022-05-25 20:16:20,41.2667,23.3833,66.65,90,70,1.59
132,Minab,IR,2022-05-25 20:16:21,27.1467,57.0801,84.52,58,0,0.0
133,Tyrma,RU,2022-05-25 20:16:21,50.0833,132.1667,44.82,89,80,1.21
134,Bethel,US,2022-05-25 20:16:21,41.3712,-73.414,75.04,50,0,10.36
135,Hambantota,LK,2022-05-25 20:16:21,6.1241,81.1185,79.75,85,100,14.2
136,Qaanaaq,GL,2022-05-25 20:16:22,77.484,-69.3632,21.34,80,59,5.06
137,Port Elizabeth,ZA,2022-05-25 20:16:22,-33.918,25.5701,62.89,77,20,13.8
138,Port Hardy,CA,2022-05-25 20:17:22,50.6996,-127.4199,59.18,55,75,12.66
139,Bealanana,MG,2022-05-25 20:17:23,-14.55,48.7333,60.03,98,18,1.39
140,Salalah,OM,2022-05-25 20:17:23,17.0151,54.0924,84.29,79,20,4.61
141,Ponta Do Sol,PT,2022-05-25 20:17:23,32.6667,-17.1,68.72,67,100,4.88
142,Bajina Basta,RS,2022-05-25 20:17:24,43.9708,19.5675,66.15,74,1,3.0
143,Ulladulla,AU,2022-05-25 20:17:24,-35.35,150.4667,54.43,87,100,3.8
144,Thompson,CA,2022-05-25 20:16:49,55.7435,-97.8558,55.56,38,75,8.05
145,Yaring,TH,2022-05-25 20:17:24,6.8662,101.3689,78.26,87,100,8.52
146,Termiz,UZ,2022-05-25 20:17:24,37.2242,67.2783,77.09,29,0,0.0
147,Saint George,US,2022-05-25 20:14:17,37.1041,-113.5841,91.26,12,0,4.0
148,Altamira,BR,2022-05-25 20:17:25,-3.2033,-52.2064,87.89,62,20,2.3
149,Tuatapere,NZ,2022-05-25 20:17:25,-46.1333,167.6833,43.18,81,100,1.54
150,Dikson,RU,2022-05-25 20:17:25,73.5069,80.5464,18.27,94,63,2.91
151,Vila Velha,BR,2022-05-25 20:17:26,-20.3297,-40.2925,78.75,75,20,5.75
152,Coruripe,BR,2022-05-25 20:15:29,-10.1256,-36.1756,76.75,85,100,15.21
153,East London,ZA,2022-05-25 20:17:26,-33.0153,27.9116,63.95,74,3,14.67
154,Bayir,TR,2022-05-25 20:17:26,37.2687,28.2167,63.12,57,0,1.07
155,Lorengau,PG,2022-05-25 20:16:29,-2.0226,147.2712,79.3,81,100,1.5
156,San Andres,CO,2022-05-25 20:17:27,12.5847,-81.7006,82.42,83,75,9.22
157,Pevek,RU,2022-05-25 20:17:27,69.7008,170.3133,33.26,91,24,8.5
158,Kahului,US,2022-05-25 20:17:27,20.8947,-156.47,78.82,71,40,14.97
159,Bredasdorp,ZA,2022-05-25 20:17:27,-34.5322,20.0403,59.76,90,93,4.07
160,Azanka,RU,2022-05-25 20:17:28,58.0401,64.7893,61.59,80,98,6.69
161,Liusha,CN,2022-05-25 20:17:28,27.2098,108.59,66.9,99,100,3.33
162,Zhezkazgan,KZ,2022-05-25 20:17:28,47.8043,67.7144,73.08,27,0,9.98
163,George Town,MY,2022-05-25 20:14:47,5.4112,100.3354,80.53,83,20,0.0
164,Kununurra,AU,2022-05-25 20:17:28,-15.7667,128.7333,64.38,88,79,0.0
165,Broken Hill,AU,2022-05-25 20:17:29,-31.95,141.4333,57.69,74,91,4.29
166,Buraydah,SA,2022-05-25 20:17:29,26.326,43.975,88.25,15,25,13.78
167,Mitchell,US,2022-05-25 20:12:43,43.7094,-98.0298,57.11,72,100,12.66
168,Black River,JM,2022-05-25 20:17:29,18.0264,-77.8487,87.78,57,65,22.46
169,Taoudenni,ML,2022-05-25 20:15:53,22.6783,-3.9836,99.63,8,100,3.53
170,Esperance,AU,2022-05-25 20:17:30,-33.8667,121.9,57.79,82,100,7.2
171,Kavieng,PG,2022-05-25 20:17:30,-2.5744,150.7967,80.42,77,100,7.4
172,Tikapur,NP,2022-05-25 20:17:30,28.5,81.1333,78.06,42,0,4.99
173,Daru,PG,2022-05-25 20:17:30,-9.0763,143.2092,78.66,83,98,10.13
174,Price,US,2022-05-25 20:17:31,39.5994,-110.8107,75.11,14,0,3.44
175,Deyang,CN,2022-05-25 20:17:31,31.1302,104.382,69.6,84,100,0.96
176,Havelock,US,2022-05-25 20:13:18,34.8791,-76.9013,73.38,59,19,5.41
177,Bluff,NZ,2022-05-25 20:17:31,-46.6,168.3333,40.8,69,78,5.61
178,Tucupita,VE,2022-05-25 20:17:31,9.0622,-62.051,84.04,70,41,7.87
179,Aykhal,RU,2022-05-25 20:17:32,66.0,111.5,32.9,88,100,12.68
180,Hami,CN,2022-05-25 20:17:32,42.8,93.45,79.9,12,100,9.22
181,Airai,TL,2022-05-25 20:17:13,-8.9266,125.4092,58.64,94,100,2.55
182,Mar Del Plata,AR,2022-05-25 20:17:32,-38.0023,-57.5575,55.09,66,40,12.66
183,Teknaf,BD,2022-05-25 20:17:33,20.8624,92.3058,79.88,86,12,0.58
184,Sisimiut,GL,2022-05-25 20:17:33,66.9395,-53.6735,39.04,59,99,9.22
185,Ville-Marie,CA,2022-05-25 20:17:33,47.3335,-79.433,69.62,34,100,3.98
186,Paamiut,GL,2022-05-25 20:17:33,61.994,-49.6678,30.83,55,18,3.49
187,Beloha,MG,2022-05-25 20:18:34,-25.1667,45.05,67.77,90,0,2.93
188,Severo-Kurilsk,RU,2022-05-25 20:18:34,50.6789,156.125,39.97,96,100,8.37
189,Westport,US,2022-05-25 20:17:16,41.1415,-73.3579,75.43,59,0,10.36
190,Pochutla,MX,2022-05-25 20:18:34,15.7432,-96.4661,86.83,60,100,5.28
191,Lakes Entrance,AU,2022-05-25 20:18:35,-37.8811,147.981,51.31,68,100,3.96
192,Lufilufi,WS,2022-05-25 20:18:35,-13.8745,-171.5986,83.98,77,87,16.75
193,Vanimo,PG,2022-05-25 20:18:35,-2.6741,141.3028,78.26,83,100,0.56
194,Vestmanna,FO,2022-05-25 20:18:35,62.1564,-7.1664,45.52,81,75,12.66
195,Aripuana,BR,2022-05-25 20:18:36,-9.1667,-60.6333,82.85,61,100,1.23
196,Pointe Michel,DM,2022-05-25 20:18:36,15.25,-61.3833,88.74,58,20,3.44
197,Saskylakh,RU,2022-05-25 20:18:36,71.9167,114.0833,13.75,98,77,2.89
198,Uige,AO,2022-05-25 20:18:37,-7.6087,15.0613,69.33,76,55,0.6
199,Forlimpopoli,IT,2022-05-25 20:18:37,44.1911,12.1287,72.36,81,0,1.99
200,Asau,RO,2022-05-25 20:18:37,46.4333,26.4,63.52,90,23,4.99
201,Ostrovnoy,RU,2022-05-25 20:14:49,68.0531,39.5131,33.42,94,8,3.47
202,Upernavik,GL,2022-05-25 20:18:37,72.7868,-56.1549,25.12,62,78,9.04
203,Dezful,IR,2022-05-25 20:18:38,32.3811,48.4058,85.17,17,0,10.71
204,Baherden,TM,2022-05-25 20:18:38,38.4362,57.4316,76.03,38,39,14.45
205,Mojo,ET,2022-05-25 20:18:38,8.6,39.1167,70.11,35,32,1.59
206,Abu Dhabi,AE,2022-05-25 20:16:37,24.4667,54.3667,86.11,61,0,8.05
207,Kaeo,NZ,2022-05-25 20:18:39,-35.1,173.7833,51.33,94,100,4.25
208,Sibolga,ID,2022-05-25 20:18:39,1.7427,98.7792,76.59,84,100,3.38
209,Kirakira,SB,2022-05-25 20:18:39,-10.4544,161.9205,79.2,84,12,5.66
210,Alindao,CF,2022-05-25 20:18:39,5.0267,21.2088,70.93,93,78,2.51
211,Sampit,ID,2022-05-25 20:18:40,-2.5333,112.95,74.48,98,100,3.85
212,Richards Bay,ZA,2022-05-25 20:18:40,-28.783,32.0377,65.3,81,0,4.99
213,Atar,MR,2022-05-25 20:18:40,20.5169,-13.0499,99.81,8,98,11.9
214,Opuwo,Namibia,2022-05-25 20:18:40,-18.0607,13.84,61.52,28,0,7.81
215,Victoria,HK,2022-05-25 20:15:01,22.2855,114.1577,79.32,93,47,5.99
216,Meulaboh,ID,2022-05-25 20:18:41,4.1363,96.1285,77.18,86,89,4.03
217,Erdenet,MN,2022-05-25 20:18:41,49.0333,104.0833,53.11,38,77,4.68
218,Faanui,PF,2022-05-25 20:18:41,-16.4833,-151.75,80.6,66,6,13.73
219,Matara,LK,2022-05-25 20:18:41,5.9485,80.5353,78.1,90,100,7.63
220,Chokwe,MZ,2022-05-25 20:18:42,-24.5333,32.9833,68.07,70,0,5.01
221,Panguna,PG,2022-05-25 20:18:42,-6.3164,155.4848,67.17,92,66,1.74
222,Poum,NC,2022-05-25 20:18:42,-20.2333,164.0167,75.87,74,55,7.99
223,Bhadrachalam,IN,2022-05-25 20:18:43,17.6667,80.8833,83.73,49,59,0.92
224,Muskogee,US,2022-05-25 20:16:10,35.5834,-95.3336,70.97,74,100,10.36
225,Chiriqui Grande,PA,2022-05-25 20:18:43,8.95,-82.1167,82.56,82,93,4.85
226,Dezhou,CN,2022-05-25 20:18:43,37.4486,116.2925,60.17,38,47,8.88
227,Lewisporte,CA,2022-05-25 20:18:44,49.2499,-55.0482,62.31,29,66,3.44
228,Vawkavysk,BY,2022-05-25 20:18:44,53.1561,24.4513,51.78,95,100,15.5
229,Borgarnes,IS,2022-05-25 20:18:44,64.5383,-21.9206,48.25,91,100,7.23
230,Naze,JP,2022-05-25 20:19:44,28.3667,129.4833,67.12,91,100,7.81
231,Guapore,BR,2022-05-25 20:19:45,-28.8456,-51.8903,67.23,79,0,3.78
232,Kiunga,PG,2022-05-25 20:19:45,-6.1219,141.2906,71.56,99,88,1.86
233,Leningradskiy,RU,2022-05-25 20:17:45,69.3833,178.4167,45.93,67,100,5.99
234,Tiarei,PF,2022-05-25 20:19:46,-17.5333,-149.3333,82.42,74,20,12.24
235,Srednekolymsk,RU,2022-05-25 20:19:46,67.45,153.6833,42.84,70,43,17.83
236,Pokrovsk,UA,2022-05-25 20:19:46,48.282,37.1758,54.16,66,90,5.75
237,Sahuaripa,MX,2022-05-25 20:19:47,29.05,-109.2333,97.84,11,0,5.82
238,Aguascalientes,MX,2022-05-25 20:17:49,21.8833,-102.3,84.15,7,0,5.75
239,Bandarbeyla,SO,2022-05-25 20:19:47,9.4942,50.8122,80.47,85,50,17.49
240,Gazanjyk,TM,2022-05-25 20:19:47,39.2446,55.5154,70.34,45,0,8.77
241,Gaoual,GN,2022-05-25 20:19:47,11.75,-13.2,76.1,81,100,10.56
242,Palmetto,US,2022-05-25 20:19:48,27.5214,-82.5723,93.25,47,20,16.11
243,Boa Vista,BR,2022-05-25 20:18:48,2.8197,-60.6733,84.18,74,75,9.22
244,San Quintin,MX,2022-05-25 20:19:48,30.4833,-115.95,68.86,58,0,10.58
245,Teguldet,RU,2022-05-25 20:17:16,57.3064,88.1667,51.75,80,4,5.28
246,Cayenne,GF,2022-05-25 20:17:49,4.9333,-52.3333,86.04,22,20,12.66
247,Tiksi,RU,2022-05-25 20:17:50,71.6872,128.8694,21.13,92,100,7.72
248,Grindavik,IS,2022-05-25 20:19:48,63.8424,-22.4338,48.15,81,40,6.91
249,Adrar,MR,2022-05-25 20:19:49,20.5022,-10.0711,93.49,10,5,6.71
250,Loreto,MX,2022-05-25 20:19:49,22.2667,-101.9667,83.79,8,0,0.85
251,Inongo,CD,2022-05-25 20:17:27,-1.95,18.2667,71.26,88,54,1.59
252,Mandal,IN,2022-05-25 20:19:49,25.45,74.5667,89.17,27,4,12.84
253,Lompoc,US,2022-05-25 20:19:50,34.6391,-120.4579,78.53,58,0,12.66
254,Clemencia,CO,2022-05-25 20:19:50,10.5665,-75.325,88.97,77,100,7.23
255,Medicine Hat,CA,2022-05-25 20:17:51,50.0501,-110.6683,72.03,28,75,19.57
256,Vila,PT,2022-05-25 20:19:50,42.0304,-8.1588,56.7,63,15,5.03
257,Qixia,CN,2022-05-25 20:19:50,37.2975,120.8256,52.02,56,0,6.11
258,Agadez,NE,2022-05-25 20:19:51,19.75,10.25,92.59,9,100,10.11
259,Batemans Bay,AU,2022-05-25 20:19:51,-35.7167,150.1833,55.09,86,100,3.89
260,Bukachacha,RU,2022-05-25 20:19:51,52.9833,116.9167,50.14,42,10,2.57
261,Kruisfontein,ZA,2022-05-25 20:16:05,-34.0033,24.7314,59.18,81,4,14.72
262,Pyapon,MM,2022-05-25 20:19:51,16.2833,95.6833,78.66,91,59,5.82
263,Bathsheba,BB,2022-05-25 20:19:52,13.2167,-59.5167,84.81,70,20,17.27
264,Leh,IN,2022-05-25 20:19:52,34.1667,77.5833,49.48,51,88,3.15
265,Uvat,RU,2022-05-25 20:19:52,59.1433,68.8953,64.22,63,100,8.25
266,Aquiraz,BR,2022-05-25 20:19:53,-3.9014,-38.3911,82.49,83,90,6.31
267,Chumikan,RU,2022-05-25 20:19:53,54.7183,135.315,42.73,97,85,5.55
268,Bambous Virieux,MU,2022-05-25 20:19:53,-20.3428,57.7575,71.22,88,40,5.75
269,Bahia Blanca,AR,2022-05-25 20:19:53,-38.7196,-62.2724,51.22,35,0,6.6
270,Souillac,MU,2022-05-25 20:19:54,-20.5167,57.5167,70.18,88,40,5.75
271,Yelbarga,IN,2022-05-25 20:19:54,15.6333,76.0167,79.5,69,97,13.82
272,Ust-Tsilma,RU,2022-05-25 20:19:18,65.441,52.1498,49.84,92,100,9.42
273,Pareora,NZ,2022-05-25 20:19:54,-44.4871,171.2132,43.18,76,96,5.86
274,Entebbe,UG,2022-05-25 20:19:54,0.0644,32.4469,68.58,80,100,1.59
275,Sitka,US,2022-05-25 20:19:55,57.0531,-135.33,55.29,54,40,9.22
276,Juneau,US,2022-05-25 20:17:50,58.3019,-134.4197,53.6,82,40,13.8
277,Fairbanks,US,2022-05-25 20:16:36,64.8378,-147.7164,63.01,45,75,10.36
278,Abadiania,BR,2022-05-25 20:20:55,-16.2042,-48.7069,74.32,34,51,6.89
279,Tarata,BO,2022-05-25 20:20:55,-17.6167,-66.0167,72.82,24,100,3.22
280,Vasilyevskiy Mokh,RU,2022-05-25 20:19:18,57.0132,35.919,41.34,91,94,4.47
281,Marsa Matruh,EG,2022-05-25 20:20:56,31.3525,27.2453,69.96,68,0,4.0
282,Rota,ES,2022-05-25 20:20:56,36.6224,-6.3586,73.49,49,0,1.14
283,Fujin,CN,2022-05-25 20:20:56,47.26,132.0322,50.63,89,100,6.53
284,Hervey Bay,AU,2022-05-25 20:20:56,-25.2986,152.8535,63.01,96,90,3.0
285,Oranjestad,AW,2022-05-25 20:18:36,12.524,-70.027,85.95,70,20,25.32
286,Baykalsk,RU,2022-05-25 20:20:57,51.5058,104.1469,50.81,65,100,1.9
287,Wattegama,LK,2022-05-25 20:20:57,6.7989,81.4808,75.36,87,100,6.46
288,Waipawa,NZ,2022-05-25 20:20:57,-41.4122,175.5153,44.51,77,98,9.22
289,Cintalapa,MX,2022-05-25 20:20:58,16.6951,-93.7272,92.43,37,98,11.48
290,Bara,NG,2022-05-25 20:20:58,10.3744,10.7288,89.33,32,26,5.23
291,Moose Factory,CA,2022-05-25 20:20:58,51.2585,-80.6094,48.2,71,0,12.66
292,Bonthe,SL,2022-05-25 20:20:58,7.5264,-12.505,75.94,89,100,7.29
293,Mehamn,NO,2022-05-25 20:20:59,71.0357,27.8492,49.95,53,0,16.11
294,Sola,VU,2022-05-25 20:20:59,-13.8833,167.55,80.47,71,37,10.76
295,Thinadhoo,MV,2022-05-25 20:20:59,0.5333,72.9333,83.03,71,66,5.5
296,Darhan,MN,2022-05-25 20:20:59,49.4867,105.9228,58.57,38,91,5.7
297,Nome,US,2022-05-25 20:21:00,64.5011,-165.4064,54.1,66,0,12.66
298,Zambezi,ZM,2022-05-25 20:21:00,-13.5432,23.1047,57.69,41,0,4.5
299,Norman Wells,CA,2022-05-25 20:21:00,65.282,-126.8329,59.04,44,75,9.22
300,Orlovo,RU,2022-05-25 20:21:01,51.754,39.5873,44.89,80,83,4.56
301,Nouadhibou,MR,2022-05-25 20:21:01,20.931,-17.0347,67.98,77,0,21.85
302,Miyako,JP,2022-05-25 20:21:01,39.6367,141.9525,58.23,80,5,7.27
303,Kavaratti,IN,2022-05-25 20:21:02,10.5669,72.642,83.43,78,56,10.94
304,Port Moresby,PG,2022-05-25 20:20:07,-9.4431,147.1797,74.91,90,57,7.11
305,Fortuna,US,2022-05-25 20:21:02,40.5982,-124.1573,70.93,66,0,14.97
306,Grand-Lahou,CI,2022-05-25 20:21:02,5.1367,-5.0242,77.88,80,79,3.22
307,Quetigny,FR,2022-05-25 20:21:03,47.3167,5.1167,64.06,51,0,8.05
308,Port Blair,IN,2022-05-25 20:21:03,11.6667,92.75,82.44,89,75,8.05
309,Ambilobe,MG,2022-05-25 20:21:04,-13.2,49.05,70.29,92,7,3.2
310,Derzhavinsk,KZ,2022-05-25 20:21:04,51.1,66.3167,70.2,36,23,5.95
311,Avera,US,2022-05-25 20:21:04,33.194,-82.5271,83.71,49,95,10.07
312,Codrington,AU,2022-05-25 20:21:05,-38.2667,141.9667,56.86,87,100,11.27
313,Ilhabela,BR,2022-05-25 20:21:05,-23.7781,-45.3581,70.54,78,0,4.65
314,Sarangani,PH,2022-05-25 20:21:05,5.4033,125.4636,80.96,80,100,12.97
315,Marmande,FR,2022-05-25 20:21:06,44.5,0.1667,62.91,76,47,8.12
316,Sesheke,ZM,2022-05-25 20:21:06,-17.4759,24.2968,60.8,36,0,1.88
317,Yar-Sale,RU,2022-05-25 20:21:06,66.8333,70.8333,35.62,78,77,10.85
318,Vao,NC,2022-05-25 20:21:06,-22.6667,167.4833,74.46,75,4,6.35
319,Aleksandrovsk-Sakhalinskiy,RU,2022-05-25 20:21:07,50.8975,142.1561,43.02,84,0,8.1
320,Puerto Madryn,AR,2022-05-25 20:20:53,-42.7692,-65.0385,50.67,22,0,11.3
321,Tacuarembo,UY,2022-05-25 20:21:07,-31.7333,-55.9833,62.55,97,100,5.7
322,Biak,ID,2022-05-25 20:22:07,-0.9131,122.8766,77.16,87,100,6.13
323,Vestmannaeyjar,IS,2022-05-25 20:22:08,63.4427,-20.2734,45.72,70,35,3.04
324,Nemuro,JP,2022-05-25 20:22:08,43.3236,145.575,46.38,98,79,9.35
325,Saint-Ambroise,CA,2022-05-25 20:22:09,48.5501,-71.3324,73.72,48,99,8.14
326,Castro,BR,2022-05-25 20:22:09,-24.7911,-50.0119,63.88,64,0,4.79
327,Peniche,PT,2022-05-25 20:22:10,39.3558,-9.3811,64.29,85,20,21.47
328,Constantine,DZ,2022-05-25 20:22:10,36.365,6.6147,65.61,59,40,4.61
329,Jinchang,CN,2022-05-25 20:22:10,38.4953,102.1739,61.9,34,100,3.69
330,Ranong,TH,2022-05-25 20:22:10,9.9658,98.6348,79.9,88,95,8.66
331,Bourail,NC,2022-05-25 20:22:11,-21.5667,165.4833,70.84,81,5,1.28
332,Kanniyakumari,IN,2022-05-25 20:22:11,8.0833,77.5667,80.56,87,10,16.89
333,Tukrah,LY,2022-05-25 20:22:11,32.5341,20.5791,76.24,35,0,9.08
334,Ayan,RU,2022-05-25 20:22:12,56.45,138.1667,39.2,84,100,5.08
335,Kuching,MY,2022-05-25 20:22:12,1.55,110.3333,77.22,94,40,2.3
336,Concepcion,CL,2022-05-25 20:18:16,-36.827,-73.0498,57.0,58,0,10.36
337,Laranjeiras Do Sul,BR,2022-05-25 20:19:45,-25.4078,-52.4161,65.71,77,0,3.44
338,Samarai,PG,2022-05-25 20:22:12,-10.6167,150.6667,79.05,80,45,8.12
339,Grand Gaube,MU,2022-05-25 20:22:13,-20.0064,57.6608,71.38,77,31,1.99
340,Arlit,NE,2022-05-25 20:22:13,18.7369,7.3853,89.67,10,66,2.08
341,Rypefjord,NO,2022-05-25 20:22:13,70.6333,23.6667,57.67,47,0,6.91
342,Kaohsiung,TW,2022-05-25 20:22:13,22.6163,120.3133,78.04,94,75,2.3
343,Grao Mogol,BR,2022-05-25 20:22:14,-16.5594,-42.8897,72.97,46,9,9.8
344,Consuegra,ES,2022-05-25 20:22:14,39.4625,-3.608,62.15,36,4,7.87
345,Gravdal,NO,2022-05-25 20:22:14,68.1214,13.5031,47.25,88,95,13.87
346,Karratha,AU,2022-05-25 20:22:15,-20.7377,116.8463,74.53,59,9,5.48
347,Mandurah,AU,2022-05-25 20:22:15,-32.55,115.7,56.68,77,0,8.16
348,Saldanha,ZA,2022-05-25 20:22:15,-33.0117,17.9442,60.85,89,0,5.41
349,Baykit,RU,2022-05-25 20:22:15,61.67,96.37,45.41,94,86,4.81
350,Mbini,GQ,2022-05-25 20:22:16,1.574,9.6134,77.54,82,100,5.59
351,Magdagachi,RU,2022-05-25 20:22:16,53.45,125.8,49.51,80,8,3.96
352,Wasilla,US,2022-05-25 20:17:54,61.5814,-149.4394,56.66,58,75,4.61
353,Kupang,ID,2022-05-25 20:22:16,-10.1667,123.5833,77.92,82,100,9.13
354,Miri,MY,2022-05-25 20:22:17,4.4148,114.0089,77.14,94,20,2.3
355,Arona,ES,2022-05-25 20:22:17,28.0996,-16.681,63.12,64,40,17.27
356,Mount Isa,AU,2022-05-25 20:22:17,-20.7333,139.5,51.57,87,0,0.0
357,Los Alamos,US,2022-05-25 20:22:18,35.8881,-106.307,69.94,19,0,8.05
358,Nuevo Progreso,MX,2022-05-25 20:22:18,23.1667,-97.95,89.89,56,65,11.01
359,Tessalit,ML,2022-05-25 20:20:50,20.1986,1.0114,84.18,37,100,22.39
360,Bani Walid,LY,2022-05-25 20:22:18,31.7566,13.9942,79.12,25,0,13.65
361,Deputatskiy,RU,2022-05-25 20:22:18,69.3,139.9,26.29,92,98,5.97
362,Karachi,PK,2022-05-25 20:21:48,24.9056,67.0822,84.02,74,40,11.5
363,Provideniya,RU,2022-05-25 20:22:19,64.3833,-173.3,43.81,65,100,5.5
364,Junin,AR,2022-05-25 20:22:19,-34.5838,-60.9433,52.99,56,100,10.2
365,Valdemarpils,LV,2022-05-25 20:22:19,57.3707,22.5919,48.92,92,100,6.67
366,Cabo San Lucas,MX,2022-05-25 20:19:38,22.8909,-109.9124,84.61,57,0,5.75
367,Maragogi,BR,2022-05-25 20:21:09,-9.0122,-35.2225,76.32,88,100,12.33
368,Gondanglegi,ID,2022-05-25 20:23:20,-7.7479,112.0132,75.69,93,100,3.22
369,Howell,US,2022-05-25 20:23:21,42.6073,-83.9294,65.86,91,100,12.66
370,Tyulyachi,RU,2022-05-25 20:23:21,55.8913,50.2399,37.71,91,55,7.54
371,Manaure,CO,2022-05-25 20:23:21,11.7751,-72.4445,87.17,60,100,14.61
372,Port Augusta,AU,2022-05-25 20:23:21,-32.5,137.7667,52.92,92,13,3.38
373,Doha,QA,2022-05-25 20:21:49,25.2867,51.5333,89.58,26,0,12.66
374,Antropovo,RU,2022-05-25 20:23:22,58.3988,43.0066,36.84,97,99,4.83
375,Ahipara,NZ,2022-05-25 20:23:22,-35.1667,173.1667,55.78,71,100,5.53
376,Amuntai,ID,2022-05-25 20:23:22,-2.4177,115.2494,74.05,99,100,2.33
377,Broome,US,2022-05-25 20:23:23,42.2506,-75.833,77.02,51,97,7.0
378,Padang,ID,2022-05-25 20:23:23,-0.9492,100.3543,77.32,71,100,4.5
379,Vagay,RU,2022-05-25 20:23:23,57.9375,69.0217,64.8,62,100,8.7
380,Honningsvag,NO,2022-05-25 20:23:24,70.9821,25.9704,53.35,54,0,2.3
381,Murakami,JP,2022-05-25 20:23:24,38.2333,139.4833,59.97,89,8,5.35
382,Lagoa,PT,2022-05-25 20:23:24,39.05,-27.9833,61.75,76,0,12.33
383,Sinfra,CI,2022-05-25 20:23:25,6.6167,-5.9167,71.58,98,97,3.36
384,Monte Azul,BR,2022-05-25 20:23:25,-15.155,-42.8747,77.34,43,26,10.27
385,Inhambane,MZ,2022-05-25 20:23:25,-23.865,35.3833,69.96,84,0,3.13
386,Shenjiamen,CN,2022-05-25 20:23:26,29.9576,122.298,65.05,79,100,1.07
387,Isoka,ZM,2022-05-25 20:23:26,-10.1606,32.6335,60.03,80,0,1.77
388,Akyab,MM,2022-05-25 20:23:26,20.15,92.9,81.39,83,18,3.76
389,Hohhot,CN,2022-05-25 20:23:27,40.8106,111.6522,44.89,39,0,4.47
390,Urubicha,BO,2022-05-25 20:23:27,-15.3833,-62.95,83.79,52,99,1.86
391,Vredendal,ZA,2022-05-25 20:23:27,-31.6683,18.5012,57.22,85,3,4.23
392,Lata,PT,2022-05-25 20:19:57,40.1629,-8.3327,57.15,82,63,3.56
393,Robore,BO,2022-05-25 20:23:27,-18.3333,-59.75,93.29,49,20,11.5
394,College,US,2022-05-25 20:23:28,64.8569,-147.8028,63.0,44,75,10.36
395,Itaporanga,BR,2022-05-25 20:23:28,-7.3044,-38.1503,76.75,76,97,9.04
396,Cartagena,CO,2022-05-25 20:23:28,10.3997,-75.5144,89.22,62,40,8.05
397,Shiraz,IR,2022-05-25 20:23:29,29.6036,52.5388,67.44,10,0,0.0
398,Hamilton,US,2022-05-25 20:21:26,39.1834,-84.5333,83.71,68,75,12.66
399,Lixourion,GR,2022-05-25 20:23:29,38.2019,20.4314,62.6,72,0,0.0
400,Namibe,AO,2022-05-25 20:23:29,-15.1961,12.1522,67.08,77,0,8.37
401,Guatire,VE,2022-05-25 20:23:29,10.4762,-66.5427,82.69,85,100,2.8
402,Sokoni,TZ,2022-05-25 20:23:30,-6.4333,39.55,80.2,78,89,13.31
403,San Vicente,AR,2022-05-25 20:23:30,-26.6167,-54.1333,72.91,54,0,5.1
404,Bafra,TR,2022-05-25 20:23:30,41.5678,35.9069,58.82,84,0,5.99
405,Coquimbo,CL,2022-05-25 20:23:30,-29.9533,-71.3436,60.53,82,0,14.97
406,Santa Cruz,BO,2022-05-25 20:23:31,-17.8,-63.1667,86.05,54,40,19.57
407,Florianopolis,BR,2022-05-25 20:23:31,-27.6146,-48.5012,70.41,79,0,9.22
408,Golden Gate,US,2022-05-25 20:23:31,26.1879,-81.6951,93.02,49,75,10.36
409,Baoqing,CN,2022-05-25 20:23:32,46.3317,132.2111,52.05,97,100,4.38
410,Torbay,CA,2022-05-25 20:22:05,47.6666,-52.7314,46.89,54,40,10.36
411,Hualmay,PE,2022-05-25 20:23:32,-11.0964,-77.6139,67.87,74,27,9.37
412,San Rafael,AR,2022-05-25 20:20:38,-34.6177,-68.3301,44.2,75,100,10.51
413,Lebu,CL,2022-05-25 20:23:32,-37.6167,-73.65,51.44,76,14,17.67
414,Pizarro,CO,2022-05-25 20:23:33,4.9533,-77.366,79.38,87,98,9.19
415,Balykshi,KZ,2022-05-25 20:24:33,47.0667,51.8667,55.4,67,0,8.95
416,Valparaiso,CL,2022-05-25 20:22:39,-33.0393,-71.6273,70.03,71,0,11.5
417,Am Timan,TD,2022-05-25 20:24:34,11.0297,20.2827,89.69,37,81,5.03
418,Kamloops,CA,2022-05-25 20:24:34,50.6665,-120.3192,68.99,44,75,7.0
419,Pacific Grove,US,2022-05-25 20:24:34,36.6177,-121.9166,77.34,68,0,15.01
420,Los Llanos De Aridane,ES,2022-05-25 20:24:35,28.6585,-17.9182,64.15,80,75,13.0
421,Rafsanjan,IR,2022-05-25 20:24:35,30.4067,55.9939,77.9,6,0,4.9
422,Vilyuysk,RU,2022-05-25 20:24:35,63.7553,121.6247,36.59,80,68,8.03
423,Verkhovyna,UA,2022-05-25 20:24:35,48.1557,24.7911,56.98,96,66,5.53
424,Quatre Cocos,MU,2022-05-25 20:24:20,-20.2078,57.7625,71.1,71,38,8.99
425,Sai Buri,TH,2022-05-25 20:24:36,6.7013,101.6168,77.31,86,100,6.8
426,Irbil,IQ,2022-05-25 20:20:17,36.1926,44.0106,67.82,22,0,4.61
427,Dargaville,NZ,2022-05-25 20:24:36,-35.9333,173.8833,54.61,77,100,4.23
428,Karpogory,RU,2022-05-25 20:24:36,64.0019,44.4451,45.07,89,100,8.48
429,Tres Arroyos,AR,2022-05-25 20:22:45,-38.3739,-60.2798,48.97,52,7,12.19
430,Alekseyevsk,RU,2022-05-25 20:24:37,57.8406,108.3492,55.85,77,100,6.22
431,Iqaluit,CA,2022-05-25 20:22:38,63.7506,-68.5145,17.33,72,75,34.52
432,Abha,SA,2022-05-25 20:24:37,18.2164,42.5053,71.42,60,40,0.0
433,Guane,CU,2022-05-25 20:24:37,22.2025,-84.0875,89.24,53,53,13.27
434,Bonavista,CA,2022-05-25 20:24:38,48.6499,-53.1147,44.58,65,74,15.3
435,Owosso,US,2022-05-25 20:22:31,42.9978,-84.1766,65.12,88,100,9.22
436,Cockburn Town,TC,2022-05-25 20:24:38,21.4612,-71.1419,79.56,73,5,15.46
437,Nanortalik,GL,2022-05-25 20:24:38,60.1432,-45.2371,34.3,76,7,18.12
438,Nizhniy Kuranakh,RU,2022-05-25 20:24:38,58.8353,125.4869,38.98,91,61,1.68
439,Anage,BR,2022-05-25 20:24:39,-14.6122,-41.1356,76.89,55,83,9.31
440,Tomatlan,MX,2022-05-25 20:24:39,19.9333,-105.25,91.92,38,0,13.6
441,Amga,RU,2022-05-25 20:24:39,60.8953,131.9608,36.32,77,99,5.23
442,Kang,BW,2022-05-25 20:24:39,-23.6752,22.7876,62.96,33,0,3.47
443,San Cristobal,VE,2022-05-25 20:24:40,7.7669,-72.225,78.98,67,100,5.3
444,Wagar,SD,2022-05-25 20:24:40,16.1525,36.2032,96.57,14,15,5.95
445,Ternate,ID,2022-05-25 20:24:40,0.8,127.4,80.56,76,100,3.31
446,Guilin,CN,2022-05-25 20:24:41,25.2819,110.2864,73.51,98,76,1.83
447,Lesnyye Polyany,RU,2022-05-25 20:24:41,55.9667,37.8667,51.15,86,82,3.74
448,Muros,ES,2022-05-25 20:24:41,42.7762,-9.0603,63.09,70,21,12.03
449,Katsuura,JP,2022-05-25 20:24:42,35.1333,140.3,65.01,83,25,5.66
450,Portland,US,2022-05-25 20:24:42,45.5234,-122.6762,72.99,64,75,6.91
451,Shelton,US,2022-05-25 20:24:42,41.3165,-73.0932,76.51,58,0,10.36
452,Maniitsoq,GL,2022-05-25 20:24:42,65.4167,-52.9,33.01,66,90,17.27
453,Teguise,ES,2022-05-25 20:24:43,29.0605,-13.564,64.62,64,40,13.8
454,San Jose,US,2022-05-25 20:22:34,37.3394,-121.895,101.48,27,75,12.66
455,Biltine,TD,2022-05-25 20:24:43,14.5333,20.9167,86.97,8,72,4.07
456,Boulder City,US,2022-05-25 20:20:55,35.9786,-114.8325,96.26,6,0,8.05
457,Pangnirtung,CA,2022-05-25 20:24:43,66.1451,-65.7125,26.6,74,100,11.5
458,Balabac,PH,2022-05-25 20:24:43,7.9868,117.0645,81.43,82,100,7.36
459,Shubarkuduk,KZ,2022-05-25 20:24:44,49.1447,56.4872,55.04,56,100,8.61
460,Comodoro Rivadavia,AR,2022-05-25 20:25:44,-45.8667,-67.5,46.26,36,0,14.97
461,Winslow,US,2022-05-25 20:25:44,35.0242,-110.6974,82.58,8,0,9.22
462,Wenling,CN,2022-05-25 20:25:45,28.3669,121.36,65.43,93,88,1.25
463,Chake Chake,TZ,2022-05-25 20:25:45,-5.2459,39.7666,78.03,83,14,9.19
464,Qaqortoq,GL,2022-05-25 20:25:45,60.7167,-46.0333,40.19,57,25,18.54
465,Chiredzi,ZW,2022-05-25 20:25:45,-21.05,31.6667,66.97,51,0,3.98
466,Freetown,SL,2022-05-25 20:25:46,8.484,-13.2299,80.31,78,75,6.91
467,Zaysan,KZ,2022-05-25 20:25:46,47.4667,84.8667,66.54,59,78,3.6
468,Akureyri,IS,2022-05-25 20:25:46,65.6835,-18.0878,40.93,93,75,10.36
469,Kyabe,TD,2022-05-25 20:25:46,9.4515,18.9449,82.56,55,100,2.84
470,Da Lat,VN,2022-05-25 20:25:47,11.9465,108.4419,61.5,98,100,2.39
471,Visby,SE,2022-05-25 20:25:47,57.6409,18.296,53.82,76,0,11.5
472,Narbonne,FR,2022-05-25 20:25:47,43.0833,2.8333,64.63,41,36,23.87
473,Estelle,US,2022-05-25 20:25:48,29.8458,-90.1067,73.38,94,100,10.36
474,Sayyan,YE,2022-05-25 20:25:48,15.1718,44.3244,66.38,18,46,8.48
475,Talnakh,RU,2022-05-25 20:24:58,69.4865,88.3972,29.21,92,86,3.91
476,Zhigansk,RU,2022-05-25 20:25:48,66.7697,123.3711,32.31,82,27,21.88
477,Olinda,BR,2022-05-25 20:25:48,-8.0089,-34.8553,74.93,88,75,6.91
478,Ponta Delgada,PT,2022-05-25 20:25:49,37.7333,-25.6667,63.32,63,75,8.05
479,Copiapo,CL,2022-05-25 20:25:49,-27.3667,-70.3333,58.69,32,47,5.48
480,Oranjemund,Namibia,2022-05-25 20:25:49,-28.55,16.4333,55.33,93,3,4.29
481,Ojinaga,MX,2022-05-25 20:24:39,29.5667,-104.4167,91.58,24,0,6.91
482,Praia,CV,2022-05-25 20:25:49,14.9215,-23.5087,73.94,68,20,17.27
483,Zyryanka,RU,2022-05-25 20:25:50,65.75,150.85,52.0,55,80,9.6
484,Novikovo,RU,2022-05-25 20:25:50,51.1537,37.8879,50.18,85,9,3.33
485,Cinco Esquinas,CR,2022-05-25 20:25:50,10.1037,-84.1678,68.22,82,75,9.22
486,Picton,AU,2022-05-25 20:24:03,-34.1833,150.6,50.76,94,99,2.35
487,Tura,IN,2022-05-25 20:25:51,25.5198,90.2201,72.0,93,64,3.49
488,Tabou,CI,2022-05-25 20:25:51,4.423,-7.3528,78.35,82,65,6.85
489,Homestead,US,2022-05-25 20:25:51,25.4687,-80.4776,88.02,65,40,13.8
490,Lagos,NG,2022-05-25 20:21:15,6.5833,3.75,77.23,84,49,4.7
491,Cranbrook,CA,2022-05-25 20:25:51,49.4999,-115.7688,57.04,51,75,11.5
492,Tsabong,BW,2022-05-25 20:25:52,-26.0217,22.401,64.85,36,0,2.59
493,Nuuk,GL,2022-05-25 20:21:34,64.1835,-51.7216,36.21,64,20,3.44
494,Tacna,PE,2022-05-25 20:25:52,-18.0056,-70.2483,64.6,63,40,10.36
495,Puerto Baquerizo Moreno,EC,2022-05-25 20:25:52,-0.9,-89.6,79.79,65,75,13.8
496,Yumen,CN,2022-05-25 20:25:53,40.2833,97.2,64.83,12,100,16.26
497,Amapa,BR,2022-05-25 20:25:53,1.0,-52.0,77.86,97,11,3.4
498,Beipiao,CN,2022-05-25 20:25:53,41.7919,120.7792,60.85,46,100,12.71
499,Zhanaozen,KZ,2022-05-25 20:23:45,43.3,52.8,60.12,42,80,12.3
500,Sur,OM,2022-05-25 20:25:53,22.5667,59.5289,91.29,41,0,13.78
501,Kathmandu,NP,2022-05-25 20:24:04,27.7167,85.3167,61.02,100,75,4.61
502,Juegang,CN,2022-05-25 20:25:54,32.3174,121.1855,68.92,88,100,7.43
503,Asyut,EG,2022-05-25 20:25:54,27.181,31.1837,80.78,15,0,11.14
504,Vinh,VN,2022-05-25 20:25:54,18.6667,105.6667,77.31,85,100,4.32
505,Leua,SK,2022-05-25 20:25:55,48.2156,18.6071,62.35,90,95,8.77
506,Pioner,RU,2022-05-25 20:26:55,55.3166,85.9508,65.64,55,0,15.66
507,Okhotsk,RU,2022-05-25 20:26:55,59.3833,143.3,35.37,94,100,5.57
508,Cherskiy,RU,2022-05-25 20:26:55,68.75,161.3,38.57,79,86,13.6
509,Tasiilaq,GL,2022-05-25 20:26:56,65.6145,-37.6368,37.56,86,100,2.48
510,Noyabrsk,RU,2022-05-25 20:23:25,63.1994,75.4507,53.58,52,100,14.65
511,Wukari,NG,2022-05-25 20:26:56,7.85,9.7833,81.12,65,20,6.93
512,Ewa Beach,US,2022-05-25 20:26:56,21.3156,-158.0072,84.15,53,40,12.66
513,Smithers,CA,2022-05-25 20:26:56,54.7804,-127.1743,55.72,54,75,0.0
514,Hanzhong,CN,2022-05-25 20:26:57,33.0728,107.0303,63.39,89,100,2.33
515,Canton,CN,2022-05-25 20:25:10,23.1167,113.25,78.87,91,14,2.84
516,Tucurui,BR,2022-05-25 20:26:57,-3.7661,-49.6725,80.8,78,100,2.84
517,Ano Mera,GR,2022-05-25 20:26:57,37.45,25.4,74.14,60,0,3.44
518,Ambatondrazaka,MG,2022-05-25 20:26:58,-17.8333,48.4167,61.07,97,65,0.56
519,Berlevag,NO,2022-05-25 20:26:58,70.8578,29.0864,51.6,57,0,2.3
520,Zaoyang,CN,2022-05-25 20:26:58,32.1272,112.7542,58.95,80,100,11.18
521,Aubel,BE,2022-05-25 20:26:59,50.7019,5.8581,61.52,64,100,11.61
522,Aswan,EG,2022-05-25 20:26:59,24.0934,32.907,87.1,12,0,9.22
523,Nara,JP,2022-05-25 20:23:03,34.6851,135.8049,68.5,65,100,4.21
524,Manicore,BR,2022-05-25 20:26:59,-5.8092,-61.3003,89.55,66,20,4.61
525,Mahanoro,MG,2022-05-25 20:26:59,-19.9,48.8,70.2,91,12,5.75
526,Saint-Georges,GD,2022-05-25 20:27:00,12.0564,-61.7485,85.68,70,40,23.02
527,Svetlyy,RU,2022-05-25 20:27:00,54.675,20.1347,48.96,88,30,4.65
528,Jiblah,YE,2022-05-25 20:24:14,13.9216,44.1467,70.93,58,36,1.66
529,Vila Franca Do Campo,PT,2022-05-25 20:27:00,37.7167,-25.4333,63.01,66,67,4.74
530,Ajaccio,FR,2022-05-25 20:27:01,42.0,8.9167,66.18,78,75,3.44
531,Tahta,EG,2022-05-25 20:26:24,26.7693,31.5021,84.02,14,0,11.07
532,Hirado,JP,2022-05-25 20:24:13,33.3597,129.5531,67.39,92,100,6.2
533,Gryfino,PL,2022-05-25 20:27:01,53.2524,14.4883,52.32,83,33,3.98
534,Ambatofinandrahana,MG,2022-05-25 20:27:01,-20.55,46.8,57.4,77,4,1.45
535,Sobolevo,RU,2022-05-25 20:27:01,54.4299,31.8996,52.66,78,99,5.68
536,Teya,RU,2022-05-25 20:27:02,60.3778,92.6267,44.96,87,7,4.03
537,Nabire,ID,2022-05-25 20:25:07,-3.3667,135.4833,75.87,92,100,3.36
538,Riviere-Au-Renard,CA,2022-05-25 20:27:02,48.9957,-64.3971,59.29,74,97,11.72
539,Wilmington,US,2022-05-25 20:24:53,34.2257,-77.9447,81.0,67,0,3.0
540,Platanos,GR,2022-05-25 20:27:03,37.6667,21.6167,73.56,53,0,3.96
541,Abalak,RU,2022-05-25 20:24:56,58.1286,68.5944,65.79,58,100,10.51
542,Shelburne,CA,2022-05-25 20:24:41,44.0787,-80.2041,66.9,65,100,13.76
543,Mackay,AU,2022-05-25 20:27:03,-21.15,149.2,65.68,89,35,11.77
544,Bakchar,RU,2022-05-25 20:25:36,57.0186,82.0711,57.52,79,0,4.79
545,Yongan,CN,2022-05-25 20:27:03,39.6957,113.6871,53.47,28,5,1.86
546,Ngunguru,NZ,2022-05-25 20:27:04,-35.6167,174.5,55.51,74,100,6.69
547,Khash,IR,2022-05-25 20:27:04,28.2211,61.2158,79.9,20,0,7.38
548,Guarapari,BR,2022-05-25 20:27:04,-20.6667,-40.4975,75.88,78,14,6.58
549,Dwarka,IN,2022-05-25 20:27:05,22.2394,68.9678,82.11,82,7,14.47
550,Berdigestyakh,RU,2022-05-25 20:27:05,62.0989,126.6992,35.8,89,100,8.28
551,Suleja,NG,2022-05-25 20:28:05,9.1758,7.1808,81.59,50,51,3.0
552,Turbat,PK,2022-05-25 20:28:05,26.0023,63.044,84.15,70,0,3.69
553,Taltal,CL,2022-05-25 20:28:06,-25.4,-70.4833,65.23,63,61,3.13
554,Fond Du Lac,US,2022-05-25 20:28:06,43.775,-88.4388,57.49,88,100,9.22
555,Nazilli,TR,2022-05-25 20:28:06,37.9163,28.3223,74.5,50,0,2.46
556,Pafos,CY,2022-05-25 20:28:06,34.7667,32.4167,71.38,83,0,3.44
557,Yulara,AU,2022-05-25 20:28:07,-25.2406,130.9889,55.62,66,2,7.43
558,Mto Wa Mbu,TZ,2022-05-25 20:28:07,-3.35,35.85,70.7,77,100,2.15
559,Komsomolskiy,UZ,2022-05-25 20:28:07,40.4272,71.7189,68.72,60,0,4.61
560,Serebryansk,KZ,2022-05-25 20:28:08,49.6925,83.2892,66.97,82,99,2.48
561,Yima,CN,2022-05-25 20:28:08,34.7381,111.8839,63.39,34,98,5.35
562,Vicuna,CL,2022-05-25 20:24:17,-30.0319,-70.7081,80.76,20,5,5.5
563,Temeni,GR,2022-05-25 20:28:08,38.2333,22.1167,76.71,54,0,7.78
564,Tingi,TZ,2022-05-25 20:28:09,-11.3,35.0333,62.26,83,50,2.89
565,Dukat,RU,2022-05-25 20:28:09,62.55,155.55,32.97,96,100,4.59
566,Miramar,US,2022-05-25 20:28:09,25.9873,-80.2323,88.02,65,40,18.41
567,Morbegno,IT,2022-05-25 20:28:09,46.1383,9.57,68.68,87,20,4.54
568,Lodwar,KE,2022-05-25 20:28:10,3.1191,35.5973,84.74,50,83,8.12
569,Miraflores,MX,2022-05-25 20:28:10,19.2167,-98.8083,80.02,19,98,5.79
570,Pisco,PE,2022-05-25 20:24:11,-13.7,-76.2167,68.05,68,0,6.91
571,Buala,SB,2022-05-25 20:28:10,-8.145,159.5921,79.32,82,44,4.68
572,Pringsewu,ID,2022-05-25 20:28:10,-5.3582,104.9744,72.79,97,100,1.21
573,Fukue,JP,2022-05-25 20:28:11,32.6881,128.8419,68.27,91,100,5.95
574,Belaya Gora,RU,2022-05-25 20:28:11,68.5333,146.4167,37.31,72,100,12.33
575,Umm Kaddadah,SD,2022-05-25 20:28:11,13.6017,26.6876,84.54,9,92,9.08
576,Storforshei,NO,2022-05-25 20:28:12,66.4043,14.5233,50.67,81,75,2.3
577,Tazovskiy,RU,2022-05-25 20:28:12,67.4667,78.7,31.84,85,8,7.47
578,Saint Anthony,US,2022-05-25 20:25:26,45.0205,-93.218,53.19,91,100,10.36
579,Lucea,JM,2022-05-25 20:28:12,18.451,-78.1736,85.86,73,55,13.47
580,Talcahuano,CL,2022-05-25 20:28:12,-36.7167,-73.1167,56.88,58,0,10.36
581,Misratah,LY,2022-05-25 20:28:13,32.3754,15.0925,74.59,57,0,13.0
582,Shama,CN,2022-05-25 20:28:13,33.6102,104.2852,55.26,98,100,2.37
583,Gaoyou,CN,2022-05-25 20:28:13,32.7858,119.4278,63.99,83,100,8.61
